{
    "Amount": 2,
    "prim_conn_5": [
        {"Name": "pMC0_1_02", "BioBrick": "K2560065", "Labware": 0, "Slot": 0},
        {"Name": "pMC0_1_03", "BioBrick": "K2560107", "Labware": 0, "Slot": 1},
        {"Name": "pMC0_1_04", "BioBrick": "K2560065", "Labware": 0, "Slot": 2},
        {"Name": "pMC0_1_05", "BioBrick": "K2560075", "Labware": 0, "Slot": 3},
        {"Name": "pMC0_1_06", "BioBrick": "K2560095", "Labware": 0, "Slot": 4},
        {"Name": "pMC0_1_07", "BioBrick": "K2560066", "Labware": 0, "Slot": 5},
        {"Name": "pMC0_1_08", "BioBrick": "K2560076", "Labware": 0, "Slot": 6},
        {"Name": "pMC0_1_09", "BioBrick": "K2560096", "Labware": 0, "Slot": 7},
        {"Name": "pMC0_1_10", "BioBrick": "K2560067", "Labware": 0, "Slot": 8},
        {"Name": "pMC0_1_11", "BioBrick": "K2560077", "Labware": 0, "Slot": 9},
        {"Name": "pMC0_1_12", "BioBrick": "K2560097", "Labware": 0, "Slot": 10},
        {"Name": "pMC0_1_13", "BioBrick": "K2560066", "Labware": 0, "Slot": 11},
        {"Name": "pMC0_1_14", "BioBrick": "K2560078", "Labware": 0, "Slot": 12},
        {"Name": "pMC0_1_15", "BioBrick": "K2560098", "Labware": 0, "Slot": 13},
        {"Name": "pMC0_1_16", "BioBrick": "K2560069", "Labware": 0, "Slot": 14},
        {"Name": "pMC0_1_17", "BioBrick": "K2560079", "Labware": 0, "Slot": 15},
        {"Name": "pMC0_1_18", "BioBrick": "K2560099", "Labware": 0, "Slot": 16},
        {"Name": "pMC0_1_19", "BioBrick": "K2560105", "Labware": 0, "Slot": 17}
        ],
    "PRO": [
        {"Name": "pMC0_2_02", "BioBrick": "K2560007", "Labware": 0, "Slot": 18},
        {"Name": "pMC0_2_03", "BioBrick": "K2560017", "Labware": 0, "Slot": 19},
        {"Name": "pMC0_2_04", "BioBrick": "K2560018", "Labware": 0, "Slot": 20},
        {"Name": "pMC0_2_05", "BioBrick": "K2560019", "Labware": 0, "Slot": 21},
        {"Name": "pMC0_2_06", "BioBrick": "K2560009", "Labware": 0, "Slot": 22},
        {"Name": "pMC0_2_07", "BioBrick": "K2560020", "Labware": 0, "Slot": 23},
        {"Name": "pMC0_2_08", "BioBrick": "K2560014", "Labware": 0, "Slot": 24},
        {"Name": "pMC0_2_09", "BioBrick": "K2560023", "Labware": 0, "Slot": 25},
        {"Name": "pMC0_2_10", "BioBrick": "K2560022", "Labware": 0, "Slot": 26},
        {"Name": "pMC0_2_11", "BioBrick": "K2560023", "Labware": 0, "Slot": 27},
        {"Name": "pMC0_2_13", "BioBrick": "K2560025", "Labware": 0, "Slot": 28},
        {"Name": "pMC0_2_14", "BioBrick": "K2560026", "Labware": 0, "Slot": 29},
        {"Name": "pMC0_2_15", "BioBrick": "K2560027", "Labware": 0, "Slot": 30},
        {"Name": "pMC0_2_16", "BioBrick": "K2560032", "Labware": 0, "Slot": 31},
        {"Name": "pMC0_2_17", "BioBrick": "K2560028", "Labware": 0, "Slot": 32},
        {"Name": "pMC0_2_18", "BioBrick": "K2560029", "Labware": 0, "Slot": 33},
        {"Name": "pMC0_2_19", "BioBrick": "K2560030", "Labware": 0, "Slot": 34},
        {"Name": "pMC0_2_20", "BioBrick": "K2560031", "Labware": 0, "Slot": 35},
        {"Name": "pMC0_2_21", "BioBrick": "K2560131", "Labware": 0, "Slot": 36},
        {"Name": "pMC0_2_22", "BioBrick": "K2560124", "Labware": 0, "Slot": 37},
        {"Name": "pMC0_2_23", "BioBrick": "K2560123", "Labware": 0, "Slot": 38}
    ],
    "RBS" : [
        {"Name": "pMC0_3_02", "BioBrick": "not defined", "Labware": 0, "Slot": 39},
        {"Name": "pMC0_3_03", "BioBrick": "K2560016", "Labware": 0, "Slot": 40},
        {"Name": "pMC0_3_04", "BioBrick": "K2560013", "Labware": 0, "Slot": 41},
        {"Name": "pMC0_3_05", "BioBrick": "K2560010", "Labware": 0, "Slot": 42},
        {"Name": "pMC0_3_06", "BioBrick": "not defined", "Labware": 0, "Slot": 43},
        {"Name": "pMC0_3_07", "BioBrick": "K2560008", "Labware": 0, "Slot": 44},
        {"Name": "pMC0_3_08", "BioBrick": "not defined", "Labware": 0, "Slot": 45},
        {"Name": "pMC0_3_09", "BioBrick": "not defined", "Labware": 0, "Slot": 46},
        {"Name": "pMC0_3_10", "BioBrick": "K2560084", "Labware": 0, "Slot": 47}
    ],
    "CDS": [
        {"Name": "pMC0_4_02", "BioBrick": "K2560051", "Labware": 0, "Slot": 48},
        {"Name": "pMC0_4_03", "BioBrick": "K2560042", "Labware": 0, "Slot": 49},
        {"Name": "pMC0_4_04", "BioBrick": "K2560041", "Labware": 0, "Slot": 50},
        {"Name": "pMC0_4_05", "BioBrick": "K2560033", "Labware": 0, "Slot": 51},
        {"Name": "pMC0_4_06", "BioBrick": "K2560128", "Labware": 0, "Slot": 52},
        {"Name": "pMC0_4_08", "BioBrick": "K2560082", "Labware": 0, "Slot": 53}
    ],
    "TER" : [
        {"Name": "pMC0_5_02", "BioBrick": "K2560034", "Labware": 0, "Slot": 54},
        {"Name": "pMC0_5_03", "BioBrick": "K2560035", "Labware": 0, "Slot": 55},
        {"Name": "pMC0_5_04", "BioBrick": "K2560089", "Labware": 0, "Slot": 56},
        {"Name": "pMC0_5_05", "BioBrick": "not defined", "Labware": 0, "Slot": 57},
        {"Name": "pMC0_5_06", "BioBrick": "not defined", "Labware": 0, "Slot": 58},
        {"Name": "pMC0_5_07", "BioBrick": "not defined", "Labware": 0, "Slot": 59},
        {"Name": "pMC0_5_08", "BioBrick": "not defined", "Labware": 0, "Slot": 60},
        {"Name": "pMC0_5_09", "BioBrick": "not defined", "Labware": 0, "Slot": 61},
        {"Name": "pMC0_5_10", "BioBrick": "not defined", "Labware": 0, "Slot": 62},
        {"Name": "pMC0_5_11", "BioBrick": "not defined", "Labware": 0, "Slot": 63},
        {"Name": "pMC0_5_12", "BioBrick": "not defined", "Labware": 0, "Slot": 64},
        {"Name": "pMC0_5_13", "BioBrick": "K2560081", "Labware": 0, "Slot": 65}
    ],
    "prim_conn_3" : [
        {"Name": "pMC0_6_02", "BioBrick": "K2560070", "Labware": 0, "Slot": 66},
        {"Name": "pMC0_6_03", "BioBrick": "K2560108", "Labware": 0, "Slot": 67},
        {"Name": "pMC0_6_04", "BioBrick": "K2560106", "Labware": 0, "Slot": 68},
        {"Name": "pMC0_6_05", "BioBrick": "K2560100", "Labware": 0, "Slot": 69},
        {"Name": "pMC0_6_06", "BioBrick": "K2560109", "Labware": 0, "Slot": 70},
        {"Name": "pMC0_6_07", "BioBrick": "K2560071", "Labware": 0, "Slot": 71},
        {"Name": "pMC0_6_08", "BioBrick": "K2560110", "Labware": 0, "Slot": 72},
        {"Name": "pMC0_6_09", "BioBrick": "K2560101", "Labware": 0, "Slot": 73},
        {"Name": "pMC0_6_10", "BioBrick": "K2560072", "Labware": 0, "Slot": 74},
        {"Name": "pMC0_6_11", "BioBrick": "K2560111", "Labware": 0, "Slot": 75},
        {"Name": "pMC0_6_12", "BioBrick": "K2560102", "Labware": 0, "Slot": 76},
        {"Name": "pMC0_6_13", "BioBrick": "K2560073", "Labware": 0, "Slot": 77},
        {"Name": "pMC0_6_14", "BioBrick": "K2560112", "Labware": 0, "Slot": 78},
        {"Name": "pMC0_6_15", "BioBrick": "K2560103", "Labware": 0, "Slot": 79},
        {"Name": "pMC0_6_16", "BioBrick": "not defined", "Labware": 0, "Slot": 80},
        {"Name": "pMC0_6_17", "BioBrick": "K2560080", "Labware": 0, "Slot": 81},
        {"Name": "pMC0_6_18", "BioBrick": "K2560113", "Labware": 0, "Slot": 82},
        {"Name": "pMC0_6_19", "BioBrick": "K2560104", "Labware": 0, "Slot": 83},
        {"Name": "pMC0_6_20", "BioBrick": "K2560012", "Labware": 0, "Slot": 84}
    ],
    "Ori": [
        {"Name": "pMC0_7_01", "BioBrick": "K2560036", "Labware": 0, "Slot": 85},
        {"Name": "pMC0_7_02", "BioBrick": "K2560046", "Labware": 0, "Slot": 86},
        {"Name": "pMC0_7_03", "BioBrick": "K2560037", "Labware": 0, "Slot": 87},
        {"Name": "pMC0_7_04", "BioBrick": "K2560037", "Labware": 0, "Slot": 88}
    ],
    "AB":  [
        {"Name": "pMC0_8_01", "BioBrick": "K2560057", "Labware": 0, "Slot": 89},
        {"Name": "pMC0_8_02", "BioBrick": "K2560056", "Labware": 0, "Slot": 90},
        {"Name": "pMC0_8_03", "BioBrick": "K2560059", "Labware": 0, "Slot": 91},
        {"Name": "pMC0_8_04", "BioBrick": "K2560058", "Labware": 0, "Slot": 92},
        {"Name": "pMC0_8_05", "BioBrick": "not defined", "Labware": 0, "Slot": 93},
        {"Name": "pMC0_8_06", "BioBrick": "K2560048", "Labware": 0, "Slot": 94},
        {"Name": "pMC0_8_07", "BioBrick": "K2560126", "Labware": 0, "Slot": 95},
        {"Name": "pMC0_8_08", "BioBrick": "K2560125", "Labware": 0, "Slot": 96},
        {"Name": "pMC0_8_09", "BioBrick": "not defined", "Labware": 0, "Slot": 97},
        {"Name": "pMC0_8_10", "BioBrick": "not defined", "Labware": 0, "Slot": 98},
        {"Name": "pMC0_8_11", "BioBrick": "not defined", "Labware": 0, "Slot": 99},
        {"Name": "pMC0_8_13", "BioBrick": "not defined", "Labware": 0, "Slot": 100},
        {"Name": "pMC0_8_15", "BioBrick": "not defined", "Labware": 0, "Slot": 101}
    ],
    "Labware": [
        {"name": "384 Deep Well", "labware": "corning_384_wellplate_112ul_flat", "Slot": "4"},
        {"name": "Cooled 1.5ml Epi Holder", "labware": "opentrons_24_tuberack_eppendorf_1.5ml_safelock_snapcap", "Slot": "2"},
        {"name": "Cooled 96 PCR", "labware": "biorad_96_wellplate_200ul_pcr", "Slot": "1"},
        {"name": "50ml Falcon Holder", "labware": "opentrons_6_tuberack_falcon_50ml_conical", "Slot":"3"},
        {"name": "10ul Tiprack", "labware": "opentrons_96_tiprack_10ul", "Slot":"5"}
    ],
    "Liquids": [
        {"name": "T4 Buffer", "Labware": 1, "Slot": "A1"},
        {"name": "T4 Ligase", "Labware": 1, "Slot": "A2"},
        {"name": "BsaI V2", "Labware": 1, "Slot": "A3"},
        {"name": "Nuclease-Free Water", "Labware": 3, "Slot": "A1"},
        {"name": "Master Mix (Empty)", "Labware": 1, "Slot": "A4"}    
    ]
}